Time,ClaimId,ClaimName,IsMisinformation,Susceptible,Exposed,Doubtful,Propagating,NotSpreading,Recovered
0,0,Factual_Claim,false,49984,6,0,7,2,1
1,0,Factual_Claim,false,49977,12,1,7,2,1
2,0,Factual_Claim,false,49973,13,3,7,2,2
3,0,Factual_Claim,false,49969,16,4,7,2,2
4,0,Factual_Claim,false,49962,22,4,6,2,4
5,0,Factual_Claim,false,49961,16,11,4,2,6
6,0,Factual_Claim,false,49961,11,12,3,4,9
7,0,Factual_Claim,false,49960,8,14,2,5,11
8,0,Factual_Claim,false,49959,9,11,2,7,12
9,0,Factual_Claim,false,49959,7,12,2,7,13
10,0,Factual_Claim,false,49957,6,12,2,6,17
11,0,Factual_Claim,false,49957,5,10,2,8,18
12,0,Factual_Claim,false,49957,4,9,4,7,19
13,0,Factual_Claim,false,49955,5,10,4,6,20
14,0,Factual_Claim,false,49954,5,10,3,7,21
15,0,Factual_Claim,false,49952,6,8,2,8,24
16,0,Factual_Claim,false,49952,4,9,2,9,24
17,0,Factual_Claim,false,49951,4,8,1,11,25
18,0,Factual_Claim,false,49951,2,7,1,11,28
19,0,Factual_Claim,false,49950,3,5,1,11,30
20,0,Factual_Claim,false,49949,4,3,1,12,31
21,0,Factual_Claim,false,49949,4,2,1,13,31
22,0,Factual_Claim,false,49949,4,2,0,14,31
23,0,Factual_Claim,false,49949,2,4,0,14,31
24,0,Factual_Claim,false,49949,1,4,0,14,32
25,0,Factual_Claim,false,49949,1,3,0,13,34
26,0,Factual_Claim,false,49949,1,0,1,14,35
27,0,Factual_Claim,false,49949,1,0,1,14,35
28,0,Factual_Claim,false,49949,1,0,1,14,35
29,0,Factual_Claim,false,49948,1,1,1,13,36
30,0,Factual_Claim,false,49946,3,1,1,12,37
31,0,Factual_Claim,false,49946,2,2,1,12,37
32,0,Factual_Claim,false,49946,1,2,1,12,38
33,0,Factual_Claim,false,49946,0,1,0,14,39
34,0,Factual_Claim,false,49946,0,1,0,14,39
35,0,Factual_Claim,false,49946,0,1,0,14,39
36,0,Factual_Claim,false,49946,0,1,0,14,39
37,0,Factual_Claim,false,49946,0,1,0,13,40
38,0,Factual_Claim,false,49946,0,1,0,12,41
39,0,Factual_Claim,false,49946,0,1,0,12,41
40,0,Factual_Claim,false,49946,0,1,0,12,41
41,0,Factual_Claim,false,49946,0,0,0,11,43
42,0,Factual_Claim,false,49946,0,0,0,10,44
43,0,Factual_Claim,false,49946,0,0,0,10,44
44,0,Factual_Claim,false,49946,0,0,0,10,44
45,0,Factual_Claim,false,49946,0,0,0,9,45
46,0,Factual_Claim,false,49946,0,0,0,9,45
47,0,Factual_Claim,false,49946,0,0,0,9,45
48,0,Factual_Claim,false,49946,0,0,0,9,45
49,0,Factual_Claim,false,49946,0,0,0,8,46
50,0,Factual_Claim,false,49946,0,0,0,8,46
51,0,Factual_Claim,false,49946,0,0,0,7,47
52,0,Factual_Claim,false,49946,0,0,0,7,47
53,0,Factual_Claim,false,49946,0,0,0,6,48
54,0,Factual_Claim,false,49946,0,0,0,5,49
55,0,Factual_Claim,false,49946,0,0,0,5,49
56,0,Factual_Claim,false,49946,0,0,0,5,49
57,0,Factual_Claim,false,49946,0,0,0,4,50
58,0,Factual_Claim,false,49946,0,0,0,4,50
59,0,Factual_Claim,false,49946,0,0,0,4,50
60,0,Factual_Claim,false,49946,0,0,0,3,51
61,0,Factual_Claim,false,49946,0,0,0,3,51
62,0,Factual_Claim,false,49946,0,0,0,3,51
63,0,Factual_Claim,false,49946,0,0,0,3,51
64,0,Factual_Claim,false,49946,0,0,0,3,51
65,0,Factual_Claim,false,49946,0,0,0,3,51
66,0,Factual_Claim,false,49946,0,0,0,1,53
67,0,Factual_Claim,false,49946,0,0,0,1,53
68,0,Factual_Claim,false,49946,0,0,0,1,53
69,0,Factual_Claim,false,49946,0,0,0,1,53
70,0,Factual_Claim,false,49946,0,0,0,1,53
71,0,Factual_Claim,false,49946,0,0,0,1,53
72,0,Factual_Claim,false,49946,0,0,0,1,53
73,0,Factual_Claim,false,49946,0,0,0,1,53
74,0,Factual_Claim,false,49946,0,0,0,1,53
75,0,Factual_Claim,false,49946,0,0,0,0,54
76,0,Factual_Claim,false,49946,0,0,0,0,54
77,0,Factual_Claim,false,49946,0,0,0,0,54
78,0,Factual_Claim,false,49946,0,0,0,0,54
79,0,Factual_Claim,false,49946,0,0,0,0,54
80,0,Factual_Claim,false,49946,0,0,0,0,54
81,0,Factual_Claim,false,49946,0,0,0,0,54
82,0,Factual_Claim,false,49946,0,0,0,0,54
83,0,Factual_Claim,false,49946,0,0,0,0,54
84,0,Factual_Claim,false,49946,0,0,0,0,54
85,0,Factual_Claim,false,49946,0,0,0,0,54
86,0,Factual_Claim,false,49946,0,0,0,0,54
87,0,Factual_Claim,false,49946,0,0,0,0,54
88,0,Factual_Claim,false,49946,0,0,0,0,54
89,0,Factual_Claim,false,49946,0,0,0,0,54
90,0,Factual_Claim,false,49946,0,0,0,0,54
91,0,Factual_Claim,false,49946,0,0,0,0,54
92,0,Factual_Claim,false,49946,0,0,0,0,54
93,0,Factual_Claim,false,49946,0,0,0,0,54
94,0,Factual_Claim,false,49946,0,0,0,0,54
95,0,Factual_Claim,false,49946,0,0,0,0,54
96,0,Factual_Claim,false,49946,0,0,0,0,54
97,0,Factual_Claim,false,49946,0,0,0,0,54
98,0,Factual_Claim,false,49946,0,0,0,0,54
99,0,Factual_Claim,false,49946,0,0,0,0,54
100,0,Factual_Claim,false,49946,0,0,0,0,54
101,0,Factual_Claim,false,49946,0,0,0,0,54
102,0,Factual_Claim,false,49946,0,0,0,0,54
103,0,Factual_Claim,false,49946,0,0,0,0,54
104,0,Factual_Claim,false,49946,0,0,0,0,54
105,0,Factual_Claim,false,49946,0,0,0,0,54
106,0,Factual_Claim,false,49946,0,0,0,0,54
107,0,Factual_Claim,false,49946,0,0,0,0,54
108,0,Factual_Claim,false,49946,0,0,0,0,54
109,0,Factual_Claim,false,49946,0,0,0,0,54
110,0,Factual_Claim,false,49946,0,0,0,0,54
111,0,Factual_Claim,false,49946,0,0,0,0,54
112,0,Factual_Claim,false,49946,0,0,0,0,54
113,0,Factual_Claim,false,49946,0,0,0,0,54
114,0,Factual_Claim,false,49946,0,0,0,0,54
115,0,Factual_Claim,false,49946,0,0,0,0,54
116,0,Factual_Claim,false,49946,0,0,0,0,54
117,0,Factual_Claim,false,49946,0,0,0,0,54
118,0,Factual_Claim,false,49946,0,0,0,0,54
119,0,Factual_Claim,false,49946,0,0,0,0,54
120,0,Factual_Claim,false,49946,0,0,0,0,54
121,0,Factual_Claim,false,49946,0,0,0,0,54
122,0,Factual_Claim,false,49946,0,0,0,0,54
123,0,Factual_Claim,false,49946,0,0,0,0,54
124,0,Factual_Claim,false,49946,0,0,0,0,54
125,0,Factual_Claim,false,49946,0,0,0,0,54
126,0,Factual_Claim,false,49946,0,0,0,0,54
127,0,Factual_Claim,false,49946,0,0,0,0,54
128,0,Factual_Claim,false,49946,0,0,0,0,54
129,0,Factual_Claim,false,49946,0,0,0,0,54
130,0,Factual_Claim,false,49946,0,0,0,0,54
131,0,Factual_Claim,false,49946,0,0,0,0,54
132,0,Factual_Claim,false,49946,0,0,0,0,54
133,0,Factual_Claim,false,49946,0,0,0,0,54
134,0,Factual_Claim,false,49946,0,0,0,0,54
135,0,Factual_Claim,false,49946,0,0,0,0,54
136,0,Factual_Claim,false,49946,0,0,0,0,54
137,0,Factual_Claim,false,49946,0,0,0,0,54
138,0,Factual_Claim,false,49946,0,0,0,0,54
139,0,Factual_Claim,false,49946,0,0,0,0,54
140,0,Factual_Claim,false,49946,0,0,0,0,54
141,0,Factual_Claim,false,49946,0,0,0,0,54
142,0,Factual_Claim,false,49946,0,0,0,0,54
143,0,Factual_Claim,false,49946,0,0,0,0,54
144,0,Factual_Claim,false,49946,0,0,0,0,54
145,0,Factual_Claim,false,49946,0,0,0,0,54
146,0,Factual_Claim,false,49946,0,0,0,0,54
147,0,Factual_Claim,false,49946,0,0,0,0,54
148,0,Factual_Claim,false,49946,0,0,0,0,54
149,0,Factual_Claim,false,49946,0,0,0,0,54
150,0,Factual_Claim,false,49946,0,0,0,0,54
151,0,Factual_Claim,false,49946,0,0,0,0,54
152,0,Factual_Claim,false,49946,0,0,0,0,54
153,0,Factual_Claim,false,49946,0,0,0,0,54
154,0,Factual_Claim,false,49946,0,0,0,0,54
155,0,Factual_Claim,false,49946,0,0,0,0,54
156,0,Factual_Claim,false,49946,0,0,0,0,54
157,0,Factual_Claim,false,49946,0,0,0,0,54
158,0,Factual_Claim,false,49946,0,0,0,0,54
159,0,Factual_Claim,false,49946,0,0,0,0,54
160,0,Factual_Claim,false,49946,0,0,0,0,54
161,0,Factual_Claim,false,49946,0,0,0,0,54
162,0,Factual_Claim,false,49946,0,0,0,0,54
163,0,Factual_Claim,false,49946,0,0,0,0,54
164,0,Factual_Claim,false,49946,0,0,0,0,54
165,0,Factual_Claim,false,49946,0,0,0,0,54
166,0,Factual_Claim,false,49946,0,0,0,0,54
167,0,Factual_Claim,false,49946,0,0,0,0,54
168,0,Factual_Claim,false,49946,0,0,0,0,54
169,0,Factual_Claim,false,49946,0,0,0,0,54
170,0,Factual_Claim,false,49946,0,0,0,0,54
171,0,Factual_Claim,false,49946,0,0,0,0,54
172,0,Factual_Claim,false,49946,0,0,0,0,54
173,0,Factual_Claim,false,49946,0,0,0,0,54
174,0,Factual_Claim,false,49946,0,0,0,0,54
175,0,Factual_Claim,false,49946,0,0,0,0,54
176,0,Factual_Claim,false,49946,0,0,0,0,54
177,0,Factual_Claim,false,49946,0,0,0,0,54
178,0,Factual_Claim,false,49946,0,0,0,0,54
179,0,Factual_Claim,false,49946,0,0,0,0,54
180,0,Factual_Claim,false,49946,0,0,0,0,54
181,0,Factual_Claim,false,49946,0,0,0,0,54
182,0,Factual_Claim,false,49946,0,0,0,0,54
183,0,Factual_Claim,false,49946,0,0,0,0,54
184,0,Factual_Claim,false,49946,0,0,0,0,54
185,0,Factual_Claim,false,49946,0,0,0,0,54
186,0,Factual_Claim,false,49946,0,0,0,0,54
187,0,Factual_Claim,false,49946,0,0,0,0,54
188,0,Factual_Claim,false,49946,0,0,0,0,54
189,0,Factual_Claim,false,49946,0,0,0,0,54
190,0,Factual_Claim,false,49946,0,0,0,0,54
191,0,Factual_Claim,false,49946,0,0,0,0,54
192,0,Factual_Claim,false,49946,0,0,0,0,54
193,0,Factual_Claim,false,49946,0,0,0,0,54
194,0,Factual_Claim,false,49946,0,0,0,0,54
195,0,Factual_Claim,false,49946,0,0,0,0,54
196,0,Factual_Claim,false,49946,0,0,0,0,54
197,0,Factual_Claim,false,49946,0,0,0,0,54
198,0,Factual_Claim,false,49946,0,0,0,0,54
199,0,Factual_Claim,false,49946,0,0,0,0,54
200,0,Factual_Claim,false,49946,0,0,0,0,54
201,0,Factual_Claim,false,49946,0,0,0,0,54
202,0,Factual_Claim,false,49946,0,0,0,0,54
203,0,Factual_Claim,false,49946,0,0,0,0,54
204,0,Factual_Claim,false,49946,0,0,0,0,54
205,0,Factual_Claim,false,49946,0,0,0,0,54
206,0,Factual_Claim,false,49946,0,0,0,0,54
207,0,Factual_Claim,false,49946,0,0,0,0,54
208,0,Factual_Claim,false,49946,0,0,0,0,54
209,0,Factual_Claim,false,49946,0,0,0,0,54
210,0,Factual_Claim,false,49946,0,0,0,0,54
211,0,Factual_Claim,false,49946,0,0,0,0,54
212,0,Factual_Claim,false,49946,0,0,0,0,54
213,0,Factual_Claim,false,49946,0,0,0,0,54
214,0,Factual_Claim,false,49946,0,0,0,0,54
215,0,Factual_Claim,false,49946,0,0,0,0,54
216,0,Factual_Claim,false,49946,0,0,0,0,54
217,0,Factual_Claim,false,49946,0,0,0,0,54
218,0,Factual_Claim,false,49946,0,0,0,0,54
219,0,Factual_Claim,false,49946,0,0,0,0,54
220,0,Factual_Claim,false,49946,0,0,0,0,54
221,0,Factual_Claim,false,49946,0,0,0,0,54
222,0,Factual_Claim,false,49946,0,0,0,0,54
223,0,Factual_Claim,false,49946,0,0,0,0,54
224,0,Factual_Claim,false,49946,0,0,0,0,54
225,0,Factual_Claim,false,49946,0,0,0,0,54
226,0,Factual_Claim,false,49946,0,0,0,0,54
227,0,Factual_Claim,false,49946,0,0,0,0,54
228,0,Factual_Claim,false,49946,0,0,0,0,54
229,0,Factual_Claim,false,49946,0,0,0,0,54
230,0,Factual_Claim,false,49946,0,0,0,0,54
231,0,Factual_Claim,false,49946,0,0,0,0,54
232,0,Factual_Claim,false,49946,0,0,0,0,54
233,0,Factual_Claim,false,49946,0,0,0,0,54
234,0,Factual_Claim,false,49946,0,0,0,0,54
235,0,Factual_Claim,false,49946,0,0,0,0,54
236,0,Factual_Claim,false,49946,0,0,0,0,54
237,0,Factual_Claim,false,49946,0,0,0,0,54
238,0,Factual_Claim,false,49946,0,0,0,0,54
239,0,Factual_Claim,false,49946,0,0,0,0,54
240,0,Factual_Claim,false,49946,0,0,0,0,54
241,0,Factual_Claim,false,49946,0,0,0,0,54
242,0,Factual_Claim,false,49946,0,0,0,0,54
243,0,Factual_Claim,false,49946,0,0,0,0,54
244,0,Factual_Claim,false,49946,0,0,0,0,54
245,0,Factual_Claim,false,49946,0,0,0,0,54
246,0,Factual_Claim,false,49946,0,0,0,0,54
247,0,Factual_Claim,false,49946,0,0,0,0,54
248,0,Factual_Claim,false,49946,0,0,0,0,54
249,0,Factual_Claim,false,49946,0,0,0,0,54
250,0,Factual_Claim,false,49946,0,0,0,0,54
251,0,Factual_Claim,false,49946,0,0,0,0,54
252,0,Factual_Claim,false,49946,0,0,0,0,54
253,0,Factual_Claim,false,49946,0,0,0,0,54
254,0,Factual_Claim,false,49946,0,0,0,0,54
255,0,Factual_Claim,false,49946,0,0,0,0,54
256,0,Factual_Claim,false,49946,0,0,0,0,54
257,0,Factual_Claim,false,49946,0,0,0,0,54
258,0,Factual_Claim,false,49946,0,0,0,0,54
259,0,Factual_Claim,false,49946,0,0,0,0,54
260,0,Factual_Claim,false,49946,0,0,0,0,54
261,0,Factual_Claim,false,49946,0,0,0,0,54
262,0,Factual_Claim,false,49946,0,0,0,0,54
263,0,Factual_Claim,false,49946,0,0,0,0,54
264,0,Factual_Claim,false,49946,0,0,0,0,54
265,0,Factual_Claim,false,49946,0,0,0,0,54
266,0,Factual_Claim,false,49946,0,0,0,0,54
267,0,Factual_Claim,false,49946,0,0,0,0,54
268,0,Factual_Claim,false,49946,0,0,0,0,54
269,0,Factual_Claim,false,49946,0,0,0,0,54
270,0,Factual_Claim,false,49946,0,0,0,0,54
271,0,Factual_Claim,false,49946,0,0,0,0,54
272,0,Factual_Claim,false,49946,0,0,0,0,54
273,0,Factual_Claim,false,49946,0,0,0,0,54
274,0,Factual_Claim,false,49946,0,0,0,0,54
275,0,Factual_Claim,false,49946,0,0,0,0,54
276,0,Factual_Claim,false,49946,0,0,0,0,54
277,0,Factual_Claim,false,49946,0,0,0,0,54
278,0,Factual_Claim,false,49946,0,0,0,0,54
279,0,Factual_Claim,false,49946,0,0,0,0,54
280,0,Factual_Claim,false,49946,0,0,0,0,54
281,0,Factual_Claim,false,49946,0,0,0,0,54
282,0,Factual_Claim,false,49946,0,0,0,0,54
283,0,Factual_Claim,false,49946,0,0,0,0,54
284,0,Factual_Claim,false,49946,0,0,0,0,54
285,0,Factual_Claim,false,49946,0,0,0,0,54
286,0,Factual_Claim,false,49946,0,0,0,0,54
287,0,Factual_Claim,false,49946,0,0,0,0,54
288,0,Factual_Claim,false,49946,0,0,0,0,54
289,0,Factual_Claim,false,49946,0,0,0,0,54
290,0,Factual_Claim,false,49946,0,0,0,0,54
291,0,Factual_Claim,false,49946,0,0,0,0,54
292,0,Factual_Claim,false,49946,0,0,0,0,54
293,0,Factual_Claim,false,49946,0,0,0,0,54
294,0,Factual_Claim,false,49946,0,0,0,0,54
295,0,Factual_Claim,false,49946,0,0,0,0,54
296,0,Factual_Claim,false,49946,0,0,0,0,54
297,0,Factual_Claim,false,49946,0,0,0,0,54
298,0,Factual_Claim,false,49946,0,0,0,0,54
299,0,Factual_Claim,false,49946,0,0,0,0,54
300,0,Factual_Claim,false,49946,0,0,0,0,54
301,0,Factual_Claim,false,49946,0,0,0,0,54
302,0,Factual_Claim,false,49946,0,0,0,0,54
303,0,Factual_Claim,false,49946,0,0,0,0,54
304,0,Factual_Claim,false,49946,0,0,0,0,54
305,0,Factual_Claim,false,49946,0,0,0,0,54
306,0,Factual_Claim,false,49946,0,0,0,0,54
307,0,Factual_Claim,false,49946,0,0,0,0,54
308,0,Factual_Claim,false,49946,0,0,0,0,54
309,0,Factual_Claim,false,49946,0,0,0,0,54
310,0,Factual_Claim,false,49946,0,0,0,0,54
311,0,Factual_Claim,false,49946,0,0,0,0,54
312,0,Factual_Claim,false,49946,0,0,0,0,54
313,0,Factual_Claim,false,49946,0,0,0,0,54
314,0,Factual_Claim,false,49946,0,0,0,0,54
315,0,Factual_Claim,false,49946,0,0,0,0,54
316,0,Factual_Claim,false,49946,0,0,0,0,54
317,0,Factual_Claim,false,49946,0,0,0,0,54
318,0,Factual_Claim,false,49946,0,0,0,0,54
319,0,Factual_Claim,false,49946,0,0,0,0,54
320,0,Factual_Claim,false,49946,0,0,0,0,54
321,0,Factual_Claim,false,49946,0,0,0,0,54
322,0,Factual_Claim,false,49946,0,0,0,0,54
323,0,Factual_Claim,false,49946,0,0,0,0,54
324,0,Factual_Claim,false,49946,0,0,0,0,54
325,0,Factual_Claim,false,49946,0,0,0,0,54
326,0,Factual_Claim,false,49946,0,0,0,0,54
327,0,Factual_Claim,false,49946,0,0,0,0,54
328,0,Factual_Claim,false,49946,0,0,0,0,54
329,0,Factual_Claim,false,49946,0,0,0,0,54
330,0,Factual_Claim,false,49946,0,0,0,0,54
331,0,Factual_Claim,false,49946,0,0,0,0,54
332,0,Factual_Claim,false,49946,0,0,0,0,54
333,0,Factual_Claim,false,49946,0,0,0,0,54
334,0,Factual_Claim,false,49946,0,0,0,0,54
335,0,Factual_Claim,false,49946,0,0,0,0,54
336,0,Factual_Claim,false,49946,0,0,0,0,54
337,0,Factual_Claim,false,49946,0,0,0,0,54
338,0,Factual_Claim,false,49946,0,0,0,0,54
339,0,Factual_Claim,false,49946,0,0,0,0,54
340,0,Factual_Claim,false,49946,0,0,0,0,54
341,0,Factual_Claim,false,49946,0,0,0,0,54
342,0,Factual_Claim,false,49946,0,0,0,0,54
343,0,Factual_Claim,false,49946,0,0,0,0,54
344,0,Factual_Claim,false,49946,0,0,0,0,54
345,0,Factual_Claim,false,49946,0,0,0,0,54
346,0,Factual_Claim,false,49946,0,0,0,0,54
347,0,Factual_Claim,false,49946,0,0,0,0,54
348,0,Factual_Claim,false,49946,0,0,0,0,54
349,0,Factual_Claim,false,49946,0,0,0,0,54
350,0,Factual_Claim,false,49946,0,0,0,0,54
351,0,Factual_Claim,false,49946,0,0,0,0,54
352,0,Factual_Claim,false,49946,0,0,0,0,54
353,0,Factual_Claim,false,49946,0,0,0,0,54
354,0,Factual_Claim,false,49946,0,0,0,0,54
355,0,Factual_Claim,false,49946,0,0,0,0,54
356,0,Factual_Claim,false,49946,0,0,0,0,54
357,0,Factual_Claim,false,49946,0,0,0,0,54
358,0,Factual_Claim,false,49946,0,0,0,0,54
359,0,Factual_Claim,false,49946,0,0,0,0,54
360,0,Factual_Claim,false,49946,0,0,0,0,54
361,0,Factual_Claim,false,49946,0,0,0,0,54
362,0,Factual_Claim,false,49946,0,0,0,0,54
363,0,Factual_Claim,false,49946,0,0,0,0,54
364,0,Factual_Claim,false,49946,0,0,0,0,54
0,1,Misinfo_Claim_1,true,49850,125,0,22,1,2
1,1,Misinfo_Claim_1,true,49794,154,27,18,3,4
2,1,Misinfo_Claim_1,true,49773,148,51,16,6,6
3,1,Misinfo_Claim_1,true,49761,129,71,15,13,11
4,1,Misinfo_Claim_1,true,49747,117,79,17,24,16
5,1,Misinfo_Claim_1,true,49724,114,80,18,31,33
6,1,Misinfo_Claim_1,true,49711,97,96,16,38,42
7,1,Misinfo_Claim_1,true,49704,85,98,22,39,52
8,1,Misinfo_Claim_1,true,49673,104,87,20,49,67
9,1,Misinfo_Claim_1,true,49656,97,83,20,59,85
10,1,Misinfo_Claim_1,true,49643,93,82,23,62,97
11,1,Misinfo_Claim_1,true,49627,92,81,22,67,111
12,1,Misinfo_Claim_1,true,49618,88,73,19,74,128
13,1,Misinfo_Claim_1,true,49598,90,83,18,74,137
14,1,Misinfo_Claim_1,true,49593,80,83,21,80,143
15,1,Misinfo_Claim_1,true,49579,81,76,21,90,153
16,1,Misinfo_Claim_1,true,49564,76,80,20,91,169
17,1,Misinfo_Claim_1,true,49550,76,80,19,96,179
18,1,Misinfo_Claim_1,true,49532,72,85,17,105,189
19,1,Misinfo_Claim_1,true,49519,70,74,20,110,207
20,1,Misinfo_Claim_1,true,49502,71,70,19,119,219
21,1,Misinfo_Claim_1,true,49484,70,79,16,121,230
22,1,Misinfo_Claim_1,true,49469,73,75,10,125,248
23,1,Misinfo_Claim_1,true,49466,59,75,9,128,263
24,1,Misinfo_Claim_1,true,49458,55,65,8,137,277
25,1,Misinfo_Claim_1,true,49456,38,66,9,141,290
26,1,Misinfo_Claim_1,true,49442,45,56,11,142,304
27,1,Misinfo_Claim_1,true,49432,47,40,15,139,327
28,1,Misinfo_Claim_1,true,49413,60,38,14,135,340
29,1,Misinfo_Claim_1,true,49400,59,43,15,132,351
30,1,Misinfo_Claim_1,true,49391,58,45,14,127,365
31,1,Misinfo_Claim_1,true,49379,60,48,13,126,374
32,1,Misinfo_Claim_1,true,49374,53,51,11,127,384
33,1,Misinfo_Claim_1,true,49373,46,41,14,128,398
34,1,Misinfo_Claim_1,true,49353,56,41,12,129,409
35,1,Misinfo_Claim_1,true,49347,54,38,10,128,423
36,1,Misinfo_Claim_1,true,49340,50,41,10,126,433
37,1,Misinfo_Claim_1,true,49338,38,47,9,124,444
38,1,Misinfo_Claim_1,true,49337,32,39,11,125,456
39,1,Misinfo_Claim_1,true,49326,33,39,14,129,459
40,1,Misinfo_Claim_1,true,49309,45,38,13,127,468
41,1,Misinfo_Claim_1,true,49302,44,34,12,120,488
42,1,Misinfo_Claim_1,true,49294,46,31,9,123,497
43,1,Misinfo_Claim_1,true,49292,36,37,8,122,505
44,1,Misinfo_Claim_1,true,49288,32,36,8,125,511
45,1,Misinfo_Claim_1,true,49285,28,39,7,124,517
46,1,Misinfo_Claim_1,true,49285,24,33,6,120,532
47,1,Misinfo_Claim_1,true,49284,20,30,7,120,539
48,1,Misinfo_Claim_1,true,49283,16,31,8,114,548
49,1,Misinfo_Claim_1,true,49277,20,30,7,110,556
50,1,Misinfo_Claim_1,true,49276,18,28,6,108,564
51,1,Misinfo_Claim_1,true,49275,15,24,6,108,572
52,1,Misinfo_Claim_1,true,49269,17,16,10,108,580
53,1,Misinfo_Claim_1,true,49259,26,14,9,102,590
54,1,Misinfo_Claim_1,true,49255,25,18,8,101,593
55,1,Misinfo_Claim_1,true,49250,28,17,7,96,602
56,1,Misinfo_Claim_1,true,49244,27,22,6,95,606
57,1,Misinfo_Claim_1,true,49241,24,24,3,93,615
58,1,Misinfo_Claim_1,true,49241,19,26,1,94,619
59,1,Misinfo_Claim_1,true,49241,16,24,1,93,625
60,1,Misinfo_Claim_1,true,49241,13,22,2,91,631
61,1,Misinfo_Claim_1,true,49236,16,18,2,91,637
62,1,Misinfo_Claim_1,true,49235,12,19,4,87,643
63,1,Misinfo_Claim_1,true,49227,18,15,5,86,649
64,1,Misinfo_Claim_1,true,49218,23,19,4,83,653
65,1,Misinfo_Claim_1,true,49217,19,19,6,82,657
66,1,Misinfo_Claim_1,true,49213,20,17,5,80,665
67,1,Misinfo_Claim_1,true,49210,21,15,3,79,672
68,1,Misinfo_Claim_1,true,49209,18,19,2,78,674
69,1,Misinfo_Claim_1,true,49208,16,15,2,82,677
70,1,Misinfo_Claim_1,true,49207,13,14,3,77,686
71,1,Misinfo_Claim_1,true,49202,15,15,3,77,688
72,1,Misinfo_Claim_1,true,49199,16,11,5,75,694
73,1,Misinfo_Claim_1,true,49195,16,13,5,72,699
74,1,Misinfo_Claim_1,true,49190,19,11,3,70,707
75,1,Misinfo_Claim_1,true,49189,14,16,2,68,711
76,1,Misinfo_Claim_1,true,49189,12,17,2,66,714
77,1,Misinfo_Claim_1,true,49189,9,18,2,63,719
78,1,Misinfo_Claim_1,true,49189,7,15,3,60,726
79,1,Misinfo_Claim_1,true,49186,6,14,3,61,730
80,1,Misinfo_Claim_1,true,49185,7,10,3,63,732
81,1,Misinfo_Claim_1,true,49180,11,10,3,60,736
82,1,Misinfo_Claim_1,true,49179,10,10,3,60,738
83,1,Misinfo_Claim_1,true,49179,7,9,3,59,743
84,1,Misinfo_Claim_1,true,49179,3,12,2,57,747
85,1,Misinfo_Claim_1,true,49178,3,11,2,56,750
86,1,Misinfo_Claim_1,true,49178,2,9,1,56,754
87,1,Misinfo_Claim_1,true,49178,2,7,1,57,755
88,1,Misinfo_Claim_1,true,49178,2,5,2,53,760
89,1,Misinfo_Claim_1,true,49173,7,3,2,52,763
90,1,Misinfo_Claim_1,true,49172,6,5,2,48,767
91,1,Misinfo_Claim_1,true,49172,6,5,1,47,769
92,1,Misinfo_Claim_1,true,49172,6,4,1,46,771
93,1,Misinfo_Claim_1,true,49172,5,4,1,45,773
94,1,Misinfo_Claim_1,true,49172,2,7,0,43,776
95,1,Misinfo_Claim_1,true,49172,2,5,0,42,779
96,1,Misinfo_Claim_1,true,49172,2,2,0,40,784
97,1,Misinfo_Claim_1,true,49172,1,2,0,39,786
98,1,Misinfo_Claim_1,true,49172,1,2,0,37,788
99,1,Misinfo_Claim_1,true,49172,0,3,0,36,789
100,1,Misinfo_Claim_1,true,49172,0,1,0,36,791
101,1,Misinfo_Claim_1,true,49172,0,1,0,35,792
102,1,Misinfo_Claim_1,true,49172,0,1,0,34,793
103,1,Misinfo_Claim_1,true,49172,0,1,0,32,795
104,1,Misinfo_Claim_1,true,49172,0,1,0,30,797
105,1,Misinfo_Claim_1,true,49172,0,1,0,30,797
106,1,Misinfo_Claim_1,true,49172,0,0,0,29,799
107,1,Misinfo_Claim_1,true,49172,0,0,0,27,801
108,1,Misinfo_Claim_1,true,49172,0,0,0,27,801
109,1,Misinfo_Claim_1,true,49172,0,0,0,26,802
110,1,Misinfo_Claim_1,true,49172,0,0,0,25,803
111,1,Misinfo_Claim_1,true,49172,0,0,0,23,805
112,1,Misinfo_Claim_1,true,49172,0,0,0,23,805
113,1,Misinfo_Claim_1,true,49172,0,0,0,21,807
114,1,Misinfo_Claim_1,true,49172,0,0,0,20,808
115,1,Misinfo_Claim_1,true,49172,0,0,0,18,810
116,1,Misinfo_Claim_1,true,49172,0,0,0,14,814
117,1,Misinfo_Claim_1,true,49172,0,0,0,13,815
118,1,Misinfo_Claim_1,true,49172,0,0,0,13,815
119,1,Misinfo_Claim_1,true,49172,0,0,0,12,816
120,1,Misinfo_Claim_1,true,49172,0,0,0,12,816
121,1,Misinfo_Claim_1,true,49172,0,0,0,12,816
122,1,Misinfo_Claim_1,true,49172,0,0,0,12,816
123,1,Misinfo_Claim_1,true,49172,0,0,0,11,817
124,1,Misinfo_Claim_1,true,49172,0,0,0,10,818
125,1,Misinfo_Claim_1,true,49172,0,0,0,9,819
126,1,Misinfo_Claim_1,true,49172,0,0,0,9,819
127,1,Misinfo_Claim_1,true,49172,0,0,0,9,819
128,1,Misinfo_Claim_1,true,49172,0,0,0,9,819
129,1,Misinfo_Claim_1,true,49172,0,0,0,8,820
130,1,Misinfo_Claim_1,true,49172,0,0,0,8,820
131,1,Misinfo_Claim_1,true,49172,0,0,0,8,820
132,1,Misinfo_Claim_1,true,49172,0,0,0,8,820
133,1,Misinfo_Claim_1,true,49172,0,0,0,7,821
134,1,Misinfo_Claim_1,true,49172,0,0,0,7,821
135,1,Misinfo_Claim_1,true,49172,0,0,0,6,822
136,1,Misinfo_Claim_1,true,49172,0,0,0,6,822
137,1,Misinfo_Claim_1,true,49172,0,0,0,6,822
138,1,Misinfo_Claim_1,true,49172,0,0,0,6,822
139,1,Misinfo_Claim_1,true,49172,0,0,0,6,822
140,1,Misinfo_Claim_1,true,49172,0,0,0,5,823
141,1,Misinfo_Claim_1,true,49172,0,0,0,4,824
142,1,Misinfo_Claim_1,true,49172,0,0,0,3,825
143,1,Misinfo_Claim_1,true,49172,0,0,0,3,825
144,1,Misinfo_Claim_1,true,49172,0,0,0,3,825
145,1,Misinfo_Claim_1,true,49172,0,0,0,3,825
146,1,Misinfo_Claim_1,true,49172,0,0,0,3,825
147,1,Misinfo_Claim_1,true,49172,0,0,0,3,825
148,1,Misinfo_Claim_1,true,49172,0,0,0,3,825
149,1,Misinfo_Claim_1,true,49172,0,0,0,2,826
150,1,Misinfo_Claim_1,true,49172,0,0,0,2,826
151,1,Misinfo_Claim_1,true,49172,0,0,0,2,826
152,1,Misinfo_Claim_1,true,49172,0,0,0,2,826
153,1,Misinfo_Claim_1,true,49172,0,0,0,2,826
154,1,Misinfo_Claim_1,true,49172,0,0,0,2,826
155,1,Misinfo_Claim_1,true,49172,0,0,0,2,826
156,1,Misinfo_Claim_1,true,49172,0,0,0,2,826
157,1,Misinfo_Claim_1,true,49172,0,0,0,2,826
158,1,Misinfo_Claim_1,true,49172,0,0,0,2,826
159,1,Misinfo_Claim_1,true,49172,0,0,0,2,826
160,1,Misinfo_Claim_1,true,49172,0,0,0,2,826
161,1,Misinfo_Claim_1,true,49172,0,0,0,2,826
162,1,Misinfo_Claim_1,true,49172,0,0,0,2,826
163,1,Misinfo_Claim_1,true,49172,0,0,0,2,826
164,1,Misinfo_Claim_1,true,49172,0,0,0,2,826
165,1,Misinfo_Claim_1,true,49172,0,0,0,2,826
166,1,Misinfo_Claim_1,true,49172,0,0,0,2,826
167,1,Misinfo_Claim_1,true,49172,0,0,0,1,827
168,1,Misinfo_Claim_1,true,49172,0,0,0,1,827
169,1,Misinfo_Claim_1,true,49172,0,0,0,1,827
170,1,Misinfo_Claim_1,true,49172,0,0,0,1,827
171,1,Misinfo_Claim_1,true,49172,0,0,0,1,827
172,1,Misinfo_Claim_1,true,49172,0,0,0,1,827
173,1,Misinfo_Claim_1,true,49172,0,0,0,1,827
174,1,Misinfo_Claim_1,true,49172,0,0,0,1,827
175,1,Misinfo_Claim_1,true,49172,0,0,0,1,827
176,1,Misinfo_Claim_1,true,49172,0,0,0,1,827
177,1,Misinfo_Claim_1,true,49172,0,0,0,1,827
178,1,Misinfo_Claim_1,true,49172,0,0,0,1,827
179,1,Misinfo_Claim_1,true,49172,0,0,0,1,827
180,1,Misinfo_Claim_1,true,49172,0,0,0,1,827
181,1,Misinfo_Claim_1,true,49172,0,0,0,1,827
182,1,Misinfo_Claim_1,true,49172,0,0,0,1,827
183,1,Misinfo_Claim_1,true,49172,0,0,0,1,827
184,1,Misinfo_Claim_1,true,49172,0,0,0,0,828
185,1,Misinfo_Claim_1,true,49172,0,0,0,0,828
186,1,Misinfo_Claim_1,true,49172,0,0,0,0,828
187,1,Misinfo_Claim_1,true,49172,0,0,0,0,828
188,1,Misinfo_Claim_1,true,49172,0,0,0,0,828
189,1,Misinfo_Claim_1,true,49172,0,0,0,0,828
190,1,Misinfo_Claim_1,true,49172,0,0,0,0,828
191,1,Misinfo_Claim_1,true,49172,0,0,0,0,828
192,1,Misinfo_Claim_1,true,49172,0,0,0,0,828
193,1,Misinfo_Claim_1,true,49172,0,0,0,0,828
194,1,Misinfo_Claim_1,true,49172,0,0,0,0,828
195,1,Misinfo_Claim_1,true,49172,0,0,0,0,828
196,1,Misinfo_Claim_1,true,49172,0,0,0,0,828
197,1,Misinfo_Claim_1,true,49172,0,0,0,0,828
198,1,Misinfo_Claim_1,true,49172,0,0,0,0,828
199,1,Misinfo_Claim_1,true,49172,0,0,0,0,828
200,1,Misinfo_Claim_1,true,49172,0,0,0,0,828
201,1,Misinfo_Claim_1,true,49172,0,0,0,0,828
202,1,Misinfo_Claim_1,true,49172,0,0,0,0,828
203,1,Misinfo_Claim_1,true,49172,0,0,0,0,828
204,1,Misinfo_Claim_1,true,49172,0,0,0,0,828
205,1,Misinfo_Claim_1,true,49172,0,0,0,0,828
206,1,Misinfo_Claim_1,true,49172,0,0,0,0,828
207,1,Misinfo_Claim_1,true,49172,0,0,0,0,828
208,1,Misinfo_Claim_1,true,49172,0,0,0,0,828
209,1,Misinfo_Claim_1,true,49172,0,0,0,0,828
210,1,Misinfo_Claim_1,true,49172,0,0,0,0,828
211,1,Misinfo_Claim_1,true,49172,0,0,0,0,828
212,1,Misinfo_Claim_1,true,49172,0,0,0,0,828
213,1,Misinfo_Claim_1,true,49172,0,0,0,0,828
214,1,Misinfo_Claim_1,true,49172,0,0,0,0,828
215,1,Misinfo_Claim_1,true,49172,0,0,0,0,828
216,1,Misinfo_Claim_1,true,49172,0,0,0,0,828
217,1,Misinfo_Claim_1,true,49172,0,0,0,0,828
218,1,Misinfo_Claim_1,true,49172,0,0,0,0,828
219,1,Misinfo_Claim_1,true,49172,0,0,0,0,828
220,1,Misinfo_Claim_1,true,49172,0,0,0,0,828
221,1,Misinfo_Claim_1,true,49172,0,0,0,0,828
222,1,Misinfo_Claim_1,true,49172,0,0,0,0,828
223,1,Misinfo_Claim_1,true,49172,0,0,0,0,828
224,1,Misinfo_Claim_1,true,49172,0,0,0,0,828
225,1,Misinfo_Claim_1,true,49172,0,0,0,0,828
226,1,Misinfo_Claim_1,true,49172,0,0,0,0,828
227,1,Misinfo_Claim_1,true,49172,0,0,0,0,828
228,1,Misinfo_Claim_1,true,49172,0,0,0,0,828
229,1,Misinfo_Claim_1,true,49172,0,0,0,0,828
230,1,Misinfo_Claim_1,true,49172,0,0,0,0,828
231,1,Misinfo_Claim_1,true,49172,0,0,0,0,828
232,1,Misinfo_Claim_1,true,49172,0,0,0,0,828
233,1,Misinfo_Claim_1,true,49172,0,0,0,0,828
234,1,Misinfo_Claim_1,true,49172,0,0,0,0,828
235,1,Misinfo_Claim_1,true,49172,0,0,0,0,828
236,1,Misinfo_Claim_1,true,49172,0,0,0,0,828
237,1,Misinfo_Claim_1,true,49172,0,0,0,0,828
238,1,Misinfo_Claim_1,true,49172,0,0,0,0,828
239,1,Misinfo_Claim_1,true,49172,0,0,0,0,828
240,1,Misinfo_Claim_1,true,49172,0,0,0,0,828
241,1,Misinfo_Claim_1,true,49172,0,0,0,0,828
242,1,Misinfo_Claim_1,true,49172,0,0,0,0,828
243,1,Misinfo_Claim_1,true,49172,0,0,0,0,828
244,1,Misinfo_Claim_1,true,49172,0,0,0,0,828
245,1,Misinfo_Claim_1,true,49172,0,0,0,0,828
246,1,Misinfo_Claim_1,true,49172,0,0,0,0,828
247,1,Misinfo_Claim_1,true,49172,0,0,0,0,828
248,1,Misinfo_Claim_1,true,49172,0,0,0,0,828
249,1,Misinfo_Claim_1,true,49172,0,0,0,0,828
250,1,Misinfo_Claim_1,true,49172,0,0,0,0,828
251,1,Misinfo_Claim_1,true,49172,0,0,0,0,828
252,1,Misinfo_Claim_1,true,49172,0,0,0,0,828
253,1,Misinfo_Claim_1,true,49172,0,0,0,0,828
254,1,Misinfo_Claim_1,true,49172,0,0,0,0,828
255,1,Misinfo_Claim_1,true,49172,0,0,0,0,828
256,1,Misinfo_Claim_1,true,49172,0,0,0,0,828
257,1,Misinfo_Claim_1,true,49172,0,0,0,0,828
258,1,Misinfo_Claim_1,true,49172,0,0,0,0,828
259,1,Misinfo_Claim_1,true,49172,0,0,0,0,828
260,1,Misinfo_Claim_1,true,49172,0,0,0,0,828
261,1,Misinfo_Claim_1,true,49172,0,0,0,0,828
262,1,Misinfo_Claim_1,true,49172,0,0,0,0,828
263,1,Misinfo_Claim_1,true,49172,0,0,0,0,828
264,1,Misinfo_Claim_1,true,49172,0,0,0,0,828
265,1,Misinfo_Claim_1,true,49172,0,0,0,0,828
266,1,Misinfo_Claim_1,true,49172,0,0,0,0,828
267,1,Misinfo_Claim_1,true,49172,0,0,0,0,828
268,1,Misinfo_Claim_1,true,49172,0,0,0,0,828
269,1,Misinfo_Claim_1,true,49172,0,0,0,0,828
270,1,Misinfo_Claim_1,true,49172,0,0,0,0,828
271,1,Misinfo_Claim_1,true,49172,0,0,0,0,828
272,1,Misinfo_Claim_1,true,49172,0,0,0,0,828
273,1,Misinfo_Claim_1,true,49172,0,0,0,0,828
274,1,Misinfo_Claim_1,true,49172,0,0,0,0,828
275,1,Misinfo_Claim_1,true,49172,0,0,0,0,828
276,1,Misinfo_Claim_1,true,49172,0,0,0,0,828
277,1,Misinfo_Claim_1,true,49172,0,0,0,0,828
278,1,Misinfo_Claim_1,true,49172,0,0,0,0,828
279,1,Misinfo_Claim_1,true,49172,0,0,0,0,828
280,1,Misinfo_Claim_1,true,49172,0,0,0,0,828
281,1,Misinfo_Claim_1,true,49172,0,0,0,0,828
282,1,Misinfo_Claim_1,true,49172,0,0,0,0,828
283,1,Misinfo_Claim_1,true,49172,0,0,0,0,828
284,1,Misinfo_Claim_1,true,49172,0,0,0,0,828
285,1,Misinfo_Claim_1,true,49172,0,0,0,0,828
286,1,Misinfo_Claim_1,true,49172,0,0,0,0,828
287,1,Misinfo_Claim_1,true,49172,0,0,0,0,828
288,1,Misinfo_Claim_1,true,49172,0,0,0,0,828
289,1,Misinfo_Claim_1,true,49172,0,0,0,0,828
290,1,Misinfo_Claim_1,true,49172,0,0,0,0,828
291,1,Misinfo_Claim_1,true,49172,0,0,0,0,828
292,1,Misinfo_Claim_1,true,49172,0,0,0,0,828
293,1,Misinfo_Claim_1,true,49172,0,0,0,0,828
294,1,Misinfo_Claim_1,true,49172,0,0,0,0,828
295,1,Misinfo_Claim_1,true,49172,0,0,0,0,828
296,1,Misinfo_Claim_1,true,49172,0,0,0,0,828
297,1,Misinfo_Claim_1,true,49172,0,0,0,0,828
298,1,Misinfo_Claim_1,true,49172,0,0,0,0,828
299,1,Misinfo_Claim_1,true,49172,0,0,0,0,828
300,1,Misinfo_Claim_1,true,49172,0,0,0,0,828
301,1,Misinfo_Claim_1,true,49172,0,0,0,0,828
302,1,Misinfo_Claim_1,true,49172,0,0,0,0,828
303,1,Misinfo_Claim_1,true,49172,0,0,0,0,828
304,1,Misinfo_Claim_1,true,49172,0,0,0,0,828
305,1,Misinfo_Claim_1,true,49172,0,0,0,0,828
306,1,Misinfo_Claim_1,true,49172,0,0,0,0,828
307,1,Misinfo_Claim_1,true,49172,0,0,0,0,828
308,1,Misinfo_Claim_1,true,49172,0,0,0,0,828
309,1,Misinfo_Claim_1,true,49172,0,0,0,0,828
310,1,Misinfo_Claim_1,true,49172,0,0,0,0,828
311,1,Misinfo_Claim_1,true,49172,0,0,0,0,828
312,1,Misinfo_Claim_1,true,49172,0,0,0,0,828
313,1,Misinfo_Claim_1,true,49172,0,0,0,0,828
314,1,Misinfo_Claim_1,true,49172,0,0,0,0,828
315,1,Misinfo_Claim_1,true,49172,0,0,0,0,828
316,1,Misinfo_Claim_1,true,49172,0,0,0,0,828
317,1,Misinfo_Claim_1,true,49172,0,0,0,0,828
318,1,Misinfo_Claim_1,true,49172,0,0,0,0,828
319,1,Misinfo_Claim_1,true,49172,0,0,0,0,828
320,1,Misinfo_Claim_1,true,49172,0,0,0,0,828
321,1,Misinfo_Claim_1,true,49172,0,0,0,0,828
322,1,Misinfo_Claim_1,true,49172,0,0,0,0,828
323,1,Misinfo_Claim_1,true,49172,0,0,0,0,828
324,1,Misinfo_Claim_1,true,49172,0,0,0,0,828
325,1,Misinfo_Claim_1,true,49172,0,0,0,0,828
326,1,Misinfo_Claim_1,true,49172,0,0,0,0,828
327,1,Misinfo_Claim_1,true,49172,0,0,0,0,828
328,1,Misinfo_Claim_1,true,49172,0,0,0,0,828
329,1,Misinfo_Claim_1,true,49172,0,0,0,0,828
330,1,Misinfo_Claim_1,true,49172,0,0,0,0,828
331,1,Misinfo_Claim_1,true,49172,0,0,0,0,828
332,1,Misinfo_Claim_1,true,49172,0,0,0,0,828
333,1,Misinfo_Claim_1,true,49172,0,0,0,0,828
334,1,Misinfo_Claim_1,true,49172,0,0,0,0,828
335,1,Misinfo_Claim_1,true,49172,0,0,0,0,828
336,1,Misinfo_Claim_1,true,49172,0,0,0,0,828
337,1,Misinfo_Claim_1,true,49172,0,0,0,0,828
338,1,Misinfo_Claim_1,true,49172,0,0,0,0,828
339,1,Misinfo_Claim_1,true,49172,0,0,0,0,828
340,1,Misinfo_Claim_1,true,49172,0,0,0,0,828
341,1,Misinfo_Claim_1,true,49172,0,0,0,0,828
342,1,Misinfo_Claim_1,true,49172,0,0,0,0,828
343,1,Misinfo_Claim_1,true,49172,0,0,0,0,828
344,1,Misinfo_Claim_1,true,49172,0,0,0,0,828
345,1,Misinfo_Claim_1,true,49172,0,0,0,0,828
346,1,Misinfo_Claim_1,true,49172,0,0,0,0,828
347,1,Misinfo_Claim_1,true,49172,0,0,0,0,828
348,1,Misinfo_Claim_1,true,49172,0,0,0,0,828
349,1,Misinfo_Claim_1,true,49172,0,0,0,0,828
350,1,Misinfo_Claim_1,true,49172,0,0,0,0,828
351,1,Misinfo_Claim_1,true,49172,0,0,0,0,828
352,1,Misinfo_Claim_1,true,49172,0,0,0,0,828
353,1,Misinfo_Claim_1,true,49172,0,0,0,0,828
354,1,Misinfo_Claim_1,true,49172,0,0,0,0,828
355,1,Misinfo_Claim_1,true,49172,0,0,0,0,828
356,1,Misinfo_Claim_1,true,49172,0,0,0,0,828
357,1,Misinfo_Claim_1,true,49172,0,0,0,0,828
358,1,Misinfo_Claim_1,true,49172,0,0,0,0,828
359,1,Misinfo_Claim_1,true,49172,0,0,0,0,828
360,1,Misinfo_Claim_1,true,49172,0,0,0,0,828
361,1,Misinfo_Claim_1,true,49172,0,0,0,0,828
362,1,Misinfo_Claim_1,true,49172,0,0,0,0,828
363,1,Misinfo_Claim_1,true,49172,0,0,0,0,828
364,1,Misinfo_Claim_1,true,49172,0,0,0,0,828
0,2,Misinfo_Claim_2,true,49822,153,0,19,4,2
1,2,Misinfo_Claim_2,true,49787,153,35,18,4,3
2,2,Misinfo_Claim_2,true,49767,148,49,19,11,6
3,2,Misinfo_Claim_2,true,49740,146,60,19,17,18
4,2,Misinfo_Claim_2,true,49727,129,80,19,22,23
5,2,Misinfo_Claim_2,true,49711,117,90,21,28,33
6,2,Misinfo_Claim_2,true,49694,113,95,22,38,38
7,2,Misinfo_Claim_2,true,49665,123,87,22,50,53
8,2,Misinfo_Claim_2,true,49654,111,92,21,58,64
9,2,Misinfo_Claim_2,true,49644,99,92,20,67,78
10,2,Misinfo_Claim_2,true,49636,91,84,24,75,90
11,2,Misinfo_Claim_2,true,49603,99,92,22,82,102
12,2,Misinfo_Claim_2,true,49597,87,86,22,90,118
13,2,Misinfo_Claim_2,true,49585,88,76,20,100,131
14,2,Misinfo_Claim_2,true,49573,75,83,17,104,148
15,2,Misinfo_Claim_2,true,49564,67,87,14,108,160
16,2,Misinfo_Claim_2,true,49553,66,73,14,117,177
17,2,Misinfo_Claim_2,true,49535,71,69,15,119,191
18,2,Misinfo_Claim_2,true,49519,77,63,15,117,209
19,2,Misinfo_Claim_2,true,49505,74,61,16,116,228
20,2,Misinfo_Claim_2,true,49492,77,59,14,114,244
21,2,Misinfo_Claim_2,true,49487,65,60,14,114,260
22,2,Misinfo_Claim_2,true,49481,54,68,15,108,274
23,2,Misinfo_Claim_2,true,49473,51,65,16,112,283
24,2,Misinfo_Claim_2,true,49465,44,63,18,111,299
25,2,Misinfo_Claim_2,true,49452,47,60,19,112,310
26,2,Misinfo_Claim_2,true,49438,55,52,18,114,323
27,2,Misinfo_Claim_2,true,49430,53,46,17,111,343
28,2,Misinfo_Claim_2,true,49419,53,48,15,108,357
29,2,Misinfo_Claim_2,true,49413,45,52,13,106,371
30,2,Misinfo_Claim_2,true,49398,50,49,17,97,389
31,2,Misinfo_Claim_2,true,49380,59,47,14,101,399
32,2,Misinfo_Claim_2,true,49371,58,48,15,102,406
33,2,Misinfo_Claim_2,true,49358,60,50,17,104,411
34,2,Misinfo_Claim_2,true,49349,54,53,18,106,420
35,2,Misinfo_Claim_2,true,49335,53,51,19,108,434
36,2,Misinfo_Claim_2,true,49316,60,50,20,106,448
37,2,Misinfo_Claim_2,true,49302,57,52,15,110,464
38,2,Misinfo_Claim_2,true,49284,61,55,14,109,477
39,2,Misinfo_Claim_2,true,49276,57,55,15,111,486
40,2,Misinfo_Claim_2,true,49269,52,58,15,115,491
41,2,Misinfo_Claim_2,true,49256,55,53,14,114,508
42,2,Misinfo_Claim_2,true,49241,60,53,12,119,515
43,2,Misinfo_Claim_2,true,49229,60,53,13,118,527
44,2,Misinfo_Claim_2,true,49225,50,49,13,122,541
45,2,Misinfo_Claim_2,true,49216,50,47,14,125,548
46,2,Misinfo_Claim_2,true,49209,45,46,11,128,561
47,2,Misinfo_Claim_2,true,49203,44,39,14,123,577
48,2,Misinfo_Claim_2,true,49189,49,41,11,119,591
49,2,Misinfo_Claim_2,true,49185,43,44,11,120,597
50,2,Misinfo_Claim_2,true,49183,37,43,10,115,612
51,2,Misinfo_Claim_2,true,49179,30,41,11,114,625
52,2,Misinfo_Claim_2,true,49169,34,39,11,113,634
53,2,Misinfo_Claim_2,true,49161,37,33,11,113,645
54,2,Misinfo_Claim_2,true,49158,33,34,9,114,652
55,2,Misinfo_Claim_2,true,49156,30,29,6,112,667
56,2,Misinfo_Claim_2,true,49153,24,32,7,109,675
57,2,Misinfo_Claim_2,true,49152,21,28,7,105,687
58,2,Misinfo_Claim_2,true,49146,22,25,7,106,694
59,2,Misinfo_Claim_2,true,49137,23,28,7,107,698
60,2,Misinfo_Claim_2,true,49134,24,22,8,108,704
61,2,Misinfo_Claim_2,true,49125,28,21,8,106,712
62,2,Misinfo_Claim_2,true,49118,32,17,6,107,720
63,2,Misinfo_Claim_2,true,49111,35,17,6,104,727
64,2,Misinfo_Claim_2,true,49106,34,20,5,103,732
65,2,Misinfo_Claim_2,true,49106,24,28,6,97,739
66,2,Misinfo_Claim_2,true,49105,20,29,7,94,745
67,2,Misinfo_Claim_2,true,49099,19,31,7,88,756
68,2,Misinfo_Claim_2,true,49098,14,25,7,93,763
69,2,Misinfo_Claim_2,true,49094,16,23,7,88,772
70,2,Misinfo_Claim_2,true,49089,18,21,6,90,776
71,2,Misinfo_Claim_2,true,49087,15,22,5,85,786
72,2,Misinfo_Claim_2,true,49085,16,19,5,85,790
73,2,Misinfo_Claim_2,true,49081,19,12,4,83,801
74,2,Misinfo_Claim_2,true,49079,17,13,4,77,810
75,2,Misinfo_Claim_2,true,49078,14,16,4,74,814
76,2,Misinfo_Claim_2,true,49078,10,13,5,69,825
77,2,Misinfo_Claim_2,true,49070,16,11,3,70,830
78,2,Misinfo_Claim_2,true,49067,16,13,3,68,833
79,2,Misinfo_Claim_2,true,49067,12,15,3,64,839
80,2,Misinfo_Claim_2,true,49066,12,11,2,64,845
81,2,Misinfo_Claim_2,true,49066,12,8,2,62,850
82,2,Misinfo_Claim_2,true,49066,9,7,3,57,858
83,2,Misinfo_Claim_2,true,49064,10,8,2,56,860
84,2,Misinfo_Claim_2,true,49064,5,12,2,52,865
85,2,Misinfo_Claim_2,true,49064,4,10,2,48,872
86,2,Misinfo_Claim_2,true,49064,4,7,2,48,875
87,2,Misinfo_Claim_2,true,49062,5,6,2,45,880
88,2,Misinfo_Claim_2,true,49062,4,5,2,45,882
89,2,Misinfo_Claim_2,true,49060,5,5,2,43,885
90,2,Misinfo_Claim_2,true,49060,4,5,1,43,887
91,2,Misinfo_Claim_2,true,49060,4,5,1,43,887
92,2,Misinfo_Claim_2,true,49060,3,5,1,42,889
93,2,Misinfo_Claim_2,true,49060,2,6,1,40,891
94,2,Misinfo_Claim_2,true,49060,1,6,1,36,896
95,2,Misinfo_Claim_2,true,49060,0,5,1,37,897
96,2,Misinfo_Claim_2,true,49060,0,3,1,37,899
97,2,Misinfo_Claim_2,true,49060,0,2,1,35,902
98,2,Misinfo_Claim_2,true,49060,0,1,1,35,903
99,2,Misinfo_Claim_2,true,49060,0,1,1,33,905
100,2,Misinfo_Claim_2,true,49060,0,0,1,30,909
101,2,Misinfo_Claim_2,true,49060,0,0,1,28,911
102,2,Misinfo_Claim_2,true,49060,0,0,0,28,912
103,2,Misinfo_Claim_2,true,49060,0,0,0,25,915
104,2,Misinfo_Claim_2,true,49060,0,0,0,23,917
105,2,Misinfo_Claim_2,true,49060,0,0,0,21,919
106,2,Misinfo_Claim_2,true,49060,0,0,0,18,922
107,2,Misinfo_Claim_2,true,49060,0,0,0,15,925
108,2,Misinfo_Claim_2,true,49060,0,0,0,15,925
109,2,Misinfo_Claim_2,true,49060,0,0,0,15,925
110,2,Misinfo_Claim_2,true,49060,0,0,0,15,925
111,2,Misinfo_Claim_2,true,49060,0,0,0,14,926
112,2,Misinfo_Claim_2,true,49060,0,0,0,13,927
113,2,Misinfo_Claim_2,true,49060,0,0,0,13,927
114,2,Misinfo_Claim_2,true,49060,0,0,0,13,927
115,2,Misinfo_Claim_2,true,49060,0,0,0,13,927
116,2,Misinfo_Claim_2,true,49060,0,0,0,13,927
117,2,Misinfo_Claim_2,true,49060,0,0,0,13,927
118,2,Misinfo_Claim_2,true,49060,0,0,0,13,927
119,2,Misinfo_Claim_2,true,49060,0,0,0,12,928
120,2,Misinfo_Claim_2,true,49060,0,0,0,11,929
121,2,Misinfo_Claim_2,true,49060,0,0,0,11,929
122,2,Misinfo_Claim_2,true,49060,0,0,0,11,929
123,2,Misinfo_Claim_2,true,49060,0,0,0,11,929
124,2,Misinfo_Claim_2,true,49060,0,0,0,10,930
125,2,Misinfo_Claim_2,true,49060,0,0,0,9,931
126,2,Misinfo_Claim_2,true,49060,0,0,0,9,931
127,2,Misinfo_Claim_2,true,49060,0,0,0,7,933
128,2,Misinfo_Claim_2,true,49060,0,0,0,6,934
129,2,Misinfo_Claim_2,true,49060,0,0,0,6,934
130,2,Misinfo_Claim_2,true,49060,0,0,0,5,935
131,2,Misinfo_Claim_2,true,49060,0,0,0,5,935
132,2,Misinfo_Claim_2,true,49060,0,0,0,5,935
133,2,Misinfo_Claim_2,true,49060,0,0,0,5,935
134,2,Misinfo_Claim_2,true,49060,0,0,0,5,935
135,2,Misinfo_Claim_2,true,49060,0,0,0,4,936
136,2,Misinfo_Claim_2,true,49060,0,0,0,3,937
137,2,Misinfo_Claim_2,true,49060,0,0,0,3,937
138,2,Misinfo_Claim_2,true,49060,0,0,0,2,938
139,2,Misinfo_Claim_2,true,49060,0,0,0,2,938
140,2,Misinfo_Claim_2,true,49060,0,0,0,2,938
141,2,Misinfo_Claim_2,true,49060,0,0,0,1,939
142,2,Misinfo_Claim_2,true,49060,0,0,0,0,940
143,2,Misinfo_Claim_2,true,49060,0,0,0,0,940
144,2,Misinfo_Claim_2,true,49060,0,0,0,0,940
145,2,Misinfo_Claim_2,true,49060,0,0,0,0,940
146,2,Misinfo_Claim_2,true,49060,0,0,0,0,940
147,2,Misinfo_Claim_2,true,49060,0,0,0,0,940
148,2,Misinfo_Claim_2,true,49060,0,0,0,0,940
149,2,Misinfo_Claim_2,true,49060,0,0,0,0,940
150,2,Misinfo_Claim_2,true,49060,0,0,0,0,940
151,2,Misinfo_Claim_2,true,49060,0,0,0,0,940
152,2,Misinfo_Claim_2,true,49060,0,0,0,0,940
153,2,Misinfo_Claim_2,true,49060,0,0,0,0,940
154,2,Misinfo_Claim_2,true,49060,0,0,0,0,940
155,2,Misinfo_Claim_2,true,49060,0,0,0,0,940
156,2,Misinfo_Claim_2,true,49060,0,0,0,0,940
157,2,Misinfo_Claim_2,true,49060,0,0,0,0,940
158,2,Misinfo_Claim_2,true,49060,0,0,0,0,940
159,2,Misinfo_Claim_2,true,49060,0,0,0,0,940
160,2,Misinfo_Claim_2,true,49060,0,0,0,0,940
161,2,Misinfo_Claim_2,true,49060,0,0,0,0,940
162,2,Misinfo_Claim_2,true,49060,0,0,0,0,940
163,2,Misinfo_Claim_2,true,49060,0,0,0,0,940
164,2,Misinfo_Claim_2,true,49060,0,0,0,0,940
165,2,Misinfo_Claim_2,true,49060,0,0,0,0,940
166,2,Misinfo_Claim_2,true,49060,0,0,0,0,940
167,2,Misinfo_Claim_2,true,49060,0,0,0,0,940
168,2,Misinfo_Claim_2,true,49060,0,0,0,0,940
169,2,Misinfo_Claim_2,true,49060,0,0,0,0,940
170,2,Misinfo_Claim_2,true,49060,0,0,0,0,940
171,2,Misinfo_Claim_2,true,49060,0,0,0,0,940
172,2,Misinfo_Claim_2,true,49060,0,0,0,0,940
173,2,Misinfo_Claim_2,true,49060,0,0,0,0,940
174,2,Misinfo_Claim_2,true,49060,0,0,0,0,940
175,2,Misinfo_Claim_2,true,49060,0,0,0,0,940
176,2,Misinfo_Claim_2,true,49060,0,0,0,0,940
177,2,Misinfo_Claim_2,true,49060,0,0,0,0,940
178,2,Misinfo_Claim_2,true,49060,0,0,0,0,940
179,2,Misinfo_Claim_2,true,49060,0,0,0,0,940
180,2,Misinfo_Claim_2,true,49060,0,0,0,0,940
181,2,Misinfo_Claim_2,true,49060,0,0,0,0,940
182,2,Misinfo_Claim_2,true,49060,0,0,0,0,940
183,2,Misinfo_Claim_2,true,49060,0,0,0,0,940
184,2,Misinfo_Claim_2,true,49060,0,0,0,0,940
185,2,Misinfo_Claim_2,true,49060,0,0,0,0,940
186,2,Misinfo_Claim_2,true,49060,0,0,0,0,940
187,2,Misinfo_Claim_2,true,49060,0,0,0,0,940
188,2,Misinfo_Claim_2,true,49060,0,0,0,0,940
189,2,Misinfo_Claim_2,true,49060,0,0,0,0,940
190,2,Misinfo_Claim_2,true,49060,0,0,0,0,940
191,2,Misinfo_Claim_2,true,49060,0,0,0,0,940
192,2,Misinfo_Claim_2,true,49060,0,0,0,0,940
193,2,Misinfo_Claim_2,true,49060,0,0,0,0,940
194,2,Misinfo_Claim_2,true,49060,0,0,0,0,940
195,2,Misinfo_Claim_2,true,49060,0,0,0,0,940
196,2,Misinfo_Claim_2,true,49060,0,0,0,0,940
197,2,Misinfo_Claim_2,true,49060,0,0,0,0,940
198,2,Misinfo_Claim_2,true,49060,0,0,0,0,940
199,2,Misinfo_Claim_2,true,49060,0,0,0,0,940
200,2,Misinfo_Claim_2,true,49060,0,0,0,0,940
201,2,Misinfo_Claim_2,true,49060,0,0,0,0,940
202,2,Misinfo_Claim_2,true,49060,0,0,0,0,940
203,2,Misinfo_Claim_2,true,49060,0,0,0,0,940
204,2,Misinfo_Claim_2,true,49060,0,0,0,0,940
205,2,Misinfo_Claim_2,true,49060,0,0,0,0,940
206,2,Misinfo_Claim_2,true,49060,0,0,0,0,940
207,2,Misinfo_Claim_2,true,49060,0,0,0,0,940
208,2,Misinfo_Claim_2,true,49060,0,0,0,0,940
209,2,Misinfo_Claim_2,true,49060,0,0,0,0,940
210,2,Misinfo_Claim_2,true,49060,0,0,0,0,940
211,2,Misinfo_Claim_2,true,49060,0,0,0,0,940
212,2,Misinfo_Claim_2,true,49060,0,0,0,0,940
213,2,Misinfo_Claim_2,true,49060,0,0,0,0,940
214,2,Misinfo_Claim_2,true,49060,0,0,0,0,940
215,2,Misinfo_Claim_2,true,49060,0,0,0,0,940
216,2,Misinfo_Claim_2,true,49060,0,0,0,0,940
217,2,Misinfo_Claim_2,true,49060,0,0,0,0,940
218,2,Misinfo_Claim_2,true,49060,0,0,0,0,940
219,2,Misinfo_Claim_2,true,49060,0,0,0,0,940
220,2,Misinfo_Claim_2,true,49060,0,0,0,0,940
221,2,Misinfo_Claim_2,true,49060,0,0,0,0,940
222,2,Misinfo_Claim_2,true,49060,0,0,0,0,940
223,2,Misinfo_Claim_2,true,49060,0,0,0,0,940
224,2,Misinfo_Claim_2,true,49060,0,0,0,0,940
225,2,Misinfo_Claim_2,true,49060,0,0,0,0,940
226,2,Misinfo_Claim_2,true,49060,0,0,0,0,940
227,2,Misinfo_Claim_2,true,49060,0,0,0,0,940
228,2,Misinfo_Claim_2,true,49060,0,0,0,0,940
229,2,Misinfo_Claim_2,true,49060,0,0,0,0,940
230,2,Misinfo_Claim_2,true,49060,0,0,0,0,940
231,2,Misinfo_Claim_2,true,49060,0,0,0,0,940
232,2,Misinfo_Claim_2,true,49060,0,0,0,0,940
233,2,Misinfo_Claim_2,true,49060,0,0,0,0,940
234,2,Misinfo_Claim_2,true,49060,0,0,0,0,940
235,2,Misinfo_Claim_2,true,49060,0,0,0,0,940
236,2,Misinfo_Claim_2,true,49060,0,0,0,0,940
237,2,Misinfo_Claim_2,true,49060,0,0,0,0,940
238,2,Misinfo_Claim_2,true,49060,0,0,0,0,940
239,2,Misinfo_Claim_2,true,49060,0,0,0,0,940
240,2,Misinfo_Claim_2,true,49060,0,0,0,0,940
241,2,Misinfo_Claim_2,true,49060,0,0,0,0,940
242,2,Misinfo_Claim_2,true,49060,0,0,0,0,940
243,2,Misinfo_Claim_2,true,49060,0,0,0,0,940
244,2,Misinfo_Claim_2,true,49060,0,0,0,0,940
245,2,Misinfo_Claim_2,true,49060,0,0,0,0,940
246,2,Misinfo_Claim_2,true,49060,0,0,0,0,940
247,2,Misinfo_Claim_2,true,49060,0,0,0,0,940
248,2,Misinfo_Claim_2,true,49060,0,0,0,0,940
249,2,Misinfo_Claim_2,true,49060,0,0,0,0,940
250,2,Misinfo_Claim_2,true,49060,0,0,0,0,940
251,2,Misinfo_Claim_2,true,49060,0,0,0,0,940
252,2,Misinfo_Claim_2,true,49060,0,0,0,0,940
253,2,Misinfo_Claim_2,true,49060,0,0,0,0,940
254,2,Misinfo_Claim_2,true,49060,0,0,0,0,940
255,2,Misinfo_Claim_2,true,49060,0,0,0,0,940
256,2,Misinfo_Claim_2,true,49060,0,0,0,0,940
257,2,Misinfo_Claim_2,true,49060,0,0,0,0,940
258,2,Misinfo_Claim_2,true,49060,0,0,0,0,940
259,2,Misinfo_Claim_2,true,49060,0,0,0,0,940
260,2,Misinfo_Claim_2,true,49060,0,0,0,0,940
261,2,Misinfo_Claim_2,true,49060,0,0,0,0,940
262,2,Misinfo_Claim_2,true,49060,0,0,0,0,940
263,2,Misinfo_Claim_2,true,49060,0,0,0,0,940
264,2,Misinfo_Claim_2,true,49060,0,0,0,0,940
265,2,Misinfo_Claim_2,true,49060,0,0,0,0,940
266,2,Misinfo_Claim_2,true,49060,0,0,0,0,940
267,2,Misinfo_Claim_2,true,49060,0,0,0,0,940
268,2,Misinfo_Claim_2,true,49060,0,0,0,0,940
269,2,Misinfo_Claim_2,true,49060,0,0,0,0,940
270,2,Misinfo_Claim_2,true,49060,0,0,0,0,940
271,2,Misinfo_Claim_2,true,49060,0,0,0,0,940
272,2,Misinfo_Claim_2,true,49060,0,0,0,0,940
273,2,Misinfo_Claim_2,true,49060,0,0,0,0,940
274,2,Misinfo_Claim_2,true,49060,0,0,0,0,940
275,2,Misinfo_Claim_2,true,49060,0,0,0,0,940
276,2,Misinfo_Claim_2,true,49060,0,0,0,0,940
277,2,Misinfo_Claim_2,true,49060,0,0,0,0,940
278,2,Misinfo_Claim_2,true,49060,0,0,0,0,940
279,2,Misinfo_Claim_2,true,49060,0,0,0,0,940
280,2,Misinfo_Claim_2,true,49060,0,0,0,0,940
281,2,Misinfo_Claim_2,true,49060,0,0,0,0,940
282,2,Misinfo_Claim_2,true,49060,0,0,0,0,940
283,2,Misinfo_Claim_2,true,49060,0,0,0,0,940
284,2,Misinfo_Claim_2,true,49060,0,0,0,0,940
285,2,Misinfo_Claim_2,true,49060,0,0,0,0,940
286,2,Misinfo_Claim_2,true,49060,0,0,0,0,940
287,2,Misinfo_Claim_2,true,49060,0,0,0,0,940
288,2,Misinfo_Claim_2,true,49060,0,0,0,0,940
289,2,Misinfo_Claim_2,true,49060,0,0,0,0,940
290,2,Misinfo_Claim_2,true,49060,0,0,0,0,940
291,2,Misinfo_Claim_2,true,49060,0,0,0,0,940
292,2,Misinfo_Claim_2,true,49060,0,0,0,0,940
293,2,Misinfo_Claim_2,true,49060,0,0,0,0,940
294,2,Misinfo_Claim_2,true,49060,0,0,0,0,940
295,2,Misinfo_Claim_2,true,49060,0,0,0,0,940
296,2,Misinfo_Claim_2,true,49060,0,0,0,0,940
297,2,Misinfo_Claim_2,true,49060,0,0,0,0,940
298,2,Misinfo_Claim_2,true,49060,0,0,0,0,940
299,2,Misinfo_Claim_2,true,49060,0,0,0,0,940
300,2,Misinfo_Claim_2,true,49060,0,0,0,0,940
301,2,Misinfo_Claim_2,true,49060,0,0,0,0,940
302,2,Misinfo_Claim_2,true,49060,0,0,0,0,940
303,2,Misinfo_Claim_2,true,49060,0,0,0,0,940
304,2,Misinfo_Claim_2,true,49060,0,0,0,0,940
305,2,Misinfo_Claim_2,true,49060,0,0,0,0,940
306,2,Misinfo_Claim_2,true,49060,0,0,0,0,940
307,2,Misinfo_Claim_2,true,49060,0,0,0,0,940
308,2,Misinfo_Claim_2,true,49060,0,0,0,0,940
309,2,Misinfo_Claim_2,true,49060,0,0,0,0,940
310,2,Misinfo_Claim_2,true,49060,0,0,0,0,940
311,2,Misinfo_Claim_2,true,49060,0,0,0,0,940
312,2,Misinfo_Claim_2,true,49060,0,0,0,0,940
313,2,Misinfo_Claim_2,true,49060,0,0,0,0,940
314,2,Misinfo_Claim_2,true,49060,0,0,0,0,940
315,2,Misinfo_Claim_2,true,49060,0,0,0,0,940
316,2,Misinfo_Claim_2,true,49060,0,0,0,0,940
317,2,Misinfo_Claim_2,true,49060,0,0,0,0,940
318,2,Misinfo_Claim_2,true,49060,0,0,0,0,940
319,2,Misinfo_Claim_2,true,49060,0,0,0,0,940
320,2,Misinfo_Claim_2,true,49060,0,0,0,0,940
321,2,Misinfo_Claim_2,true,49060,0,0,0,0,940
322,2,Misinfo_Claim_2,true,49060,0,0,0,0,940
323,2,Misinfo_Claim_2,true,49060,0,0,0,0,940
324,2,Misinfo_Claim_2,true,49060,0,0,0,0,940
325,2,Misinfo_Claim_2,true,49060,0,0,0,0,940
326,2,Misinfo_Claim_2,true,49060,0,0,0,0,940
327,2,Misinfo_Claim_2,true,49060,0,0,0,0,940
328,2,Misinfo_Claim_2,true,49060,0,0,0,0,940
329,2,Misinfo_Claim_2,true,49060,0,0,0,0,940
330,2,Misinfo_Claim_2,true,49060,0,0,0,0,940
331,2,Misinfo_Claim_2,true,49060,0,0,0,0,940
332,2,Misinfo_Claim_2,true,49060,0,0,0,0,940
333,2,Misinfo_Claim_2,true,49060,0,0,0,0,940
334,2,Misinfo_Claim_2,true,49060,0,0,0,0,940
335,2,Misinfo_Claim_2,true,49060,0,0,0,0,940
336,2,Misinfo_Claim_2,true,49060,0,0,0,0,940
337,2,Misinfo_Claim_2,true,49060,0,0,0,0,940
338,2,Misinfo_Claim_2,true,49060,0,0,0,0,940
339,2,Misinfo_Claim_2,true,49060,0,0,0,0,940
340,2,Misinfo_Claim_2,true,49060,0,0,0,0,940
341,2,Misinfo_Claim_2,true,49060,0,0,0,0,940
342,2,Misinfo_Claim_2,true,49060,0,0,0,0,940
343,2,Misinfo_Claim_2,true,49060,0,0,0,0,940
344,2,Misinfo_Claim_2,true,49060,0,0,0,0,940
345,2,Misinfo_Claim_2,true,49060,0,0,0,0,940
346,2,Misinfo_Claim_2,true,49060,0,0,0,0,940
347,2,Misinfo_Claim_2,true,49060,0,0,0,0,940
348,2,Misinfo_Claim_2,true,49060,0,0,0,0,940
349,2,Misinfo_Claim_2,true,49060,0,0,0,0,940
350,2,Misinfo_Claim_2,true,49060,0,0,0,0,940
351,2,Misinfo_Claim_2,true,49060,0,0,0,0,940
352,2,Misinfo_Claim_2,true,49060,0,0,0,0,940
353,2,Misinfo_Claim_2,true,49060,0,0,0,0,940
354,2,Misinfo_Claim_2,true,49060,0,0,0,0,940
355,2,Misinfo_Claim_2,true,49060,0,0,0,0,940
356,2,Misinfo_Claim_2,true,49060,0,0,0,0,940
357,2,Misinfo_Claim_2,true,49060,0,0,0,0,940
358,2,Misinfo_Claim_2,true,49060,0,0,0,0,940
359,2,Misinfo_Claim_2,true,49060,0,0,0,0,940
360,2,Misinfo_Claim_2,true,49060,0,0,0,0,940
361,2,Misinfo_Claim_2,true,49060,0,0,0,0,940
362,2,Misinfo_Claim_2,true,49060,0,0,0,0,940
363,2,Misinfo_Claim_2,true,49060,0,0,0,0,940
364,2,Misinfo_Claim_2,true,49060,0,0,0,0,940
